strategy,complexity,workload,seed,read_avg_ms,read_p95_ms,throughput_qps,load_cv,staleness_pct,router_overhead_ms,avg_cpu_pct,total_queries,total_reads,total_writes,errors,duration_s
latency_based,complex,balanced,142,14540.338451247542,61141.364600043744,4.728608230001527,0.40793541062482863,0.0,0.005570585644783824,10.501344086021506,3148,2203,945,0,665.734999999986
latency_based,complex,balanced,242,14316.029022945004,61466.40779997688,4.869133122956162,0.39183725764702315,0.0,0.005451385130569868,10.504237288135593,3069,2153,916,0,630.2970000000205
latency_based,complex,balanced,342,14171.76618248353,63427.54279996734,5.003371238152542,0.42044187873687816,0.0,0.006411564233192434,10.507246376811594,3087,2158,929,0,616.9839999999385
latency_based,complex,balanced,442,13757.446189776454,59183.78960003611,5.166599435256152,0.40760982386795724,0.0,0.005270549032760367,10.502849002849002,3202,2210,992,0,619.75
latency_based,complex,balanced,542,15141.79065411017,62797.10259998683,4.430302395418452,0.3571722615908057,0.0,0.004932644191291336,10.5,3045,2166,879,0,687.3120000000345
latency_based,complex,read_heavy,142,4139.772422253927,16098.090399987996,12.613790708253491,0.8903367594213906,0.0,0.006082807199243599,10.631172839506172,7736,7347,389,0,613.2970000000205
latency_based,complex,read_heavy,242,3992.370460541146,16746.65049999021,13.076450362373473,0.938415286891577,0.0,0.005806702469236547,10.641509433962264,7937,7547,390,0,606.969000000041
latency_based,complex,read_heavy,342,4056.6983861902886,15806.262900005095,12.816309353116054,0.8954543963897472,0.0,0.005529246671606304,10.641744548286605,7857,7487,370,0,613.0470000000205
latency_based,complex,read_heavy,442,4126.48979584898,16428.614599979483,12.689111021908511,0.8796415539247725,0.0,0.005521909863241649,10.638364779874214,7713,7297,416,0,607.8439999999246
latency_based,complex,read_heavy,542,4046.5274318351894,16120.671499986202,12.955769582263265,0.8799317081951944,0.0,0.005905846826638411,10.644654088050315,7868,7454,414,0,607.2970000000205
latency_based,medium,balanced,142,384.57341468271284,945.0312999542803,181.44150655569658,0.9173015403551443,0.0,0.004034016704286811,10.739495798319327,108950,76211,32739,0,600.469000000041
latency_based,medium,balanced,242,394.67789014341594,969.7049000533298,175.92442986759426,0.882071723142702,0.0,0.004185341071602533,10.743697478991598,105615,74111,31504,0,600.3429999999935
latency_based,medium,balanced,342,392.05800472783534,990.754299913533,176.98438475952528,0.8679983191588808,0.0,0.00408558587444177,10.743697478991598,106257,74541,31716,0,600.375
latency_based,medium,balanced,442,383.5697176836256,957.0173999527469,181.65252728306882,0.8931635369344834,0.0,0.003946195906806166,10.745098039215685,109159,76449,32710,0,600.9220000000205
latency_based,medium,balanced,542,380.99582638798637,959.7542999545112,182.04000978039653,0.9006450574263668,0.0,0.0038270506371382903,10.743697478991598,109443,76717,32726,0,601.2029999999795
latency_based,medium,read_heavy,142,46.303372101547076,110.62360007781535,1107.7031265101045,1.4347929092164962,0.0,0.003474684585650726,10.745833333333332,664726,631871,32855,0,600.094000000041
latency_based,medium,read_heavy,242,43.79562222475498,107.71770006977022,1173.84971510561,1.4905438469835448,0.0,0.003555750171652108,10.744444444444445,704365,668885,35480,0,600.0470000000205
latency_based,medium,read_heavy,342,44.396323720487196,108.36479999125004,1158.0084091171093,1.4872716403850357,0.0,0.003471641906922826,10.746498599439775,694878,660332,34546,0,600.0629999999655
latency_based,medium,read_heavy,442,53.374678531092684,121.20089994277805,964.9484776620534,1.5044265598423274,0.0,0.0035118284223421966,10.747899159663865,578999,550175,28824,0,600.030999999959
latency_based,medium,read_heavy,542,50.92182263709867,117.42549994960427,1013.865444699021,1.5025377311758472,0.0,0.003567462115779016,10.746498599439775,608446,578154,30292,0,600.125
latency_based,simple,balanced,142,3.9212748972784808,8.566500036977232,1701.1342939367757,0.29025954001835547,0.0,0.002694503729142038,10.745833333333332,1020866,714476,306390,0,600.1089999999385
latency_based,simple,balanced,242,4.078893185039188,8.705600048415363,1726.9242883019624,0.18102939562102546,0.0,0.0027034450922214003,10.745833333333332,1036291,725249,311042,0,600.079000000027
latency_based,simple,balanced,342,3.835026326839185,8.297700085677207,1668.7064015011952,0.1482740669015315,0.0,0.002659829631853969,10.745833333333332,1001354,701004,300350,0,600.0779999999795
latency_based,simple,balanced,442,3.57615548806887,7.7627000864595175,1640.499000964799,0.38859159065392823,0.0,0.0025645715726614537,10.745833333333332,984429,688939,295490,0,600.079000000027
latency_based,simple,balanced,542,3.518940675318264,7.4893999844789505,1590.053044430426,0.13474274456036442,0.0,0.0025458289387779416,10.745833333333332,954132,668453,285679,0,600.0629999999655
latency_based,simple,read_heavy,142,14.22270936770338,38.186099962331355,3309.1090293670422,0.5855858938544204,0.0,0.0028129893834659744,10.745833333333332,1985568,1886373,99195,0,600.030999999959
latency_based,simple,read_heavy,242,14.043827783387947,37.05959999933839,3366.3716666666664,0.6014613602287819,0.0,0.0028006659058812124,10.737499999999999,2019823,1918469,101354,0,600.0
latency_based,simple,read_heavy,342,14.06754712665549,37.48900000937283,3371.005,0.6127286922353183,0.0,0.002802256120604319,10.737499999999999,2022603,1921626,100977,0,600.0
latency_based,simple,read_heavy,442,13.665229305942326,35.43150005862117,3416.4488946964543,0.6488243555360127,0.0,0.0027878807340407786,10.745833333333332,2049924,1947955,101969,0,600.015999999945
latency_based,simple,read_heavy,542,13.37279511568174,34.01199996005744,3512.451666666667,0.6900571443439694,0.0,0.002734917181701516,10.745833333333332,2107471,2002474,104997,0,600.0
least_conn,complex,balanced,142,9508.961484765578,54137.20779994037,7.269108179952,0.39170363503269595,0.0,0.004979397656082901,10.455840455840457,4616,3216,1400,0,635.015999999945
least_conn,complex,balanced,242,9398.97785620013,45436.630100011826,7.509854506466585,0.40556780629184525,0.0,0.004926993251781721,10.442348496610258,4742,3290,1452,0,631.4370000000345
least_conn,complex,balanced,342,9134.491741930608,54714.99030000996,7.507827079381075,0.4399633006564207,0.0,0.0058438987101924866,10.281512605042016,4868,3396,1472,0,648.390000000014
least_conn,complex,balanced,442,9349.072432256928,55987.5170000596,7.648528237748524,0.44979946872226073,0.0,0.005426031818789013,10.453216374269006,4752,3283,1469,0,621.295999999973
least_conn,complex,balanced,542,9114.021994697221,46173.156399978325,7.687474530675426,0.4281346465103085,0.0,0.005617634090373672,10.36873156342183,4735,3338,1397,0,615.936999999918
least_conn,complex,read_heavy,142,3644.5920054519547,16542.648100061342,14.224933693900313,0.7149451511868022,0.0,0.0055230216098798015,10.604761904761904,8753,8326,427,0,615.3279999999795
least_conn,complex,read_heavy,242,3515.6798679630024,17618.412599898875,14.822531168949014,0.7308007787717149,0.0,0.005834805388824583,10.599358974358974,9007,8590,417,0,607.6560000000754
least_conn,complex,read_heavy,342,3520.84508157939,16264.919299981557,14.79095268495404,0.7155068474630731,0.0,0.0059413289419343596,10.606349206349206,9059,8621,438,0,612.4689999999246
least_conn,complex,read_heavy,442,3517.1876397804,15387.678400031291,14.923205642534727,0.723444448353606,0.0,0.0054393678180190376,10.611650485436893,9043,8567,476,0,605.9689999999246
least_conn,complex,read_heavy,542,3500.583421243335,15709.062499925494,14.789531684075968,0.7174174692264974,0.0,0.00571025121485429,10.517628205128204,8965,8492,473,17,606.1720000000205
least_conn,medium,balanced,142,472.9360561698576,1284.01699999813,148.31431483443075,0.6445793321565828,0.0,0.003473984227679542,7.661016949152542,89058,62370,26688,0,600.4679999999935
least_conn,medium,balanced,242,482.0141646548532,1334.3015999998897,144.69251964963524,0.6398959755664094,0.0,0.003740281246115375,7.677966101694914,86854,60950,25904,0,600.265999999945
least_conn,medium,balanced,342,475.70404290905805,1311.4237000700086,147.00862094779515,0.6430024602368296,0.0,0.0039037456489347173,7.606442577030812,88366,62022,26344,0,601.094000000041
least_conn,medium,balanced,442,480.2507091234249,1349.0909000393003,145.87980869203577,0.6438160798738968,0.0,0.0038892181405893356,7.692090395480226,87692,61500,26192,0,601.125
least_conn,medium,balanced,542,482.67694390527606,1344.5597999962047,144.93643605913212,0.6450583145149411,0.0,0.003726603310265678,7.844632768361581,87091,61013,26078,0,600.890999999945
least_conn,medium,read_heavy,142,86.47418732156558,211.13900002092123,602.8738830916078,1.016693303730814,0.0,0.003154297192137706,7.848739495798319,361781,343805,17976,0,600.094000000041
least_conn,medium,read_heavy,242,87.20922239854636,211.48810000158846,598.0106416838788,1.0140195173834803,0.0,0.0031997598277727344,9.435574229691875,358862,340875,17987,0,600.0929999999935
least_conn,medium,read_heavy,342,87.8980539047872,212.1412999695167,593.131430951885,1.014520778800387,0.0,0.0031906139527278217,9.464689265536723,355953,338329,17624,0,600.125
least_conn,medium,read_heavy,442,88.51079963781842,212.2022999683395,588.3505432880638,1.0119981716532933,0.0,0.003158200292565965,9.693277310924369,353148,335564,17584,0,600.234000000055
least_conn,medium,read_heavy,542,91.99468104253373,214.18330003507435,566.6766077477314,1.013472086122405,0.0,0.003235312156989581,7.817927170868347,340121,323039,17082,0,600.2029999999795
least_conn,simple,balanced,142,3.7440750575953126,8.028300013393164,1535.0735263486774,0.6743860022748768,0.0,0.002690718372569464,7.570833333333333,921236,644879,276357,0,600.125
least_conn,simple,balanced,242,3.7102222229430977,7.892300025559962,1496.841407144522,0.7148300335832452,0.0,0.00268756188876626,9.243055555555555,898268,628600,269668,0,600.1089999999385
least_conn,simple,balanced,342,3.3734957652908055,7.361099938862026,1519.0338347807685,0.36325963236900954,0.0,0.0024090867878137938,7.551388888888888,911516,638007,273509,0,600.0629999999655
least_conn,simple,balanced,442,3.594610674702043,7.750099990516901,1513.6233584230813,0.7075119137692496,0.0,0.00260848262275437,7.629166666666666,908339,635804,272535,0,600.109000000055
least_conn,simple,balanced,542,3.550222609836131,7.463300018571317,1459.2657013525231,0.7519230216747136,0.0,0.0025974096940198053,9.195833333333333,875879,613713,262166,0,600.2189999999246
least_conn,simple,read_heavy,142,12.644332692162095,31.20540000963956,3654.5146962008234,1.0998274074400414,0.0,0.0026668397439059146,7.554621848739495,2192654,2083161,109493,0,599.984999999986
least_conn,simple,read_heavy,242,12.720197103673618,31.195600051432848,3680.444629475437,1.3023470854046821,0.0,0.002676707606553571,7.3500000000000005,2210107,2099382,110725,0,600.5
least_conn,simple,read_heavy,342,12.733389633780993,31.509899999946356,3624.957710517834,0.9880388302481309,0.0,0.002710818979390203,7.476388888888889,2175087,2066658,108429,0,600.0310000000754
least_conn,simple,read_heavy,442,13.034121740480655,32.29000000283122,3606.2236784435268,0.9352181648120735,0.0,0.0027305340488288734,7.554621848739495,2163846,2056274,107572,0,600.030999999959
least_conn,simple,read_heavy,542,12.891128970569053,31.79209993686527,3492.27,1.026038201533957,0.0,0.002749101904004927,7.2250000000000005,2095362,1990966,104396,0,600.0
load_based,complex,balanced,142,11821.75009689138,29913.98269997444,5.979903893822556,0.9379696752447415,0.0,0.0056832832234059525,10.488700564971753,3691,2573,1118,0,617.234000000055
load_based,complex,balanced,242,11530.1106164957,31764.973500045016,6.133650548392063,0.9556272562834991,0.0,0.005038603631060507,10.467514124293785,3795,2643,1152,0,618.7179999999935
load_based,complex,balanced,342,11550.260520181851,29899.010100052692,6.0875202593192865,0.9301298732257914,0.0,0.0051471764391389325,10.478632478632479,3756,2641,1115,0,617.0
load_based,complex,balanced,442,12744.325956979435,31387.868200079538,5.571438566916967,0.7932544073676995,0.0,0.006505461582678988,10.357758620689657,3424,2378,1046,0,614.5629999999655
load_based,complex,balanced,542,11258.107081965278,30127.753800014034,6.230422921956257,0.9516240577667184,0.0,0.006229470184648561,10.498575498575498,3821,2695,1126,0,613.280999999959
load_based,complex,read_heavy,142,4429.441549410267,10189.694000058807,11.82117497719176,1.5043061144514793,0.0,0.005186410050191218,10.647147147147146,7152,6798,354,0,605.015999999945
load_based,complex,read_heavy,242,4231.2001134671555,10092.19909994863,12.347599316925272,1.4818614099063427,0.0,0.005328518911248611,10.642642642642643,7462,7113,349,0,604.3280000000959
load_based,complex,read_heavy,342,4249.163386074906,9878.744799993001,12.299736646768881,1.5027664107202554,0.0,0.005673977980760718,10.666666666666666,7440,7088,352,0,604.890999999945
load_based,complex,read_heavy,442,4384.648121651236,10307.52150004264,11.996694214876033,1.4746705151856345,0.0,0.0065498625967147575,10.627627627627627,7258,6868,390,0,605.0
load_based,complex,read_heavy,542,4252.027144953532,9893.675900064409,12.360219656591914,1.499194695030201,0.0,0.00519020398441107,10.654654654654655,7493,7094,399,0,606.219000000041
load_based,medium,balanced,142,400.1603842405021,855.5104000261053,174.35535287789787,1.1387626898072922,0.0,0.0038879750325155863,10.697478991596638,104684,73256,31428,0,600.405999999959
load_based,medium,balanced,242,396.85958799387186,849.6880000457168,175.8461733181471,1.1382454511466729,0.0,0.003909604178141978,10.726890756302518,105590,74071,31519,0,600.4679999999935
load_based,medium,balanced,342,434.21207400245794,940.5006000306457,159.48895873845686,1.1469211452466272,0.0,0.0038500940236540922,10.683473389355742,95798,67210,28588,0,600.655999999959
load_based,medium,balanced,442,400.63819054389796,850.8131999988109,173.30162289643116,1.141634683504738,0.0,0.003843646335874328,10.676470588235295,104639,73276,31363,0,603.7970000000205
load_based,medium,balanced,542,389.8870103784041,846.1211000103503,178.2095776073804,1.1435404464485992,0.0,0.003679609482949739,10.700280112044817,107012,75003,32009,0,600.484000000055
load_based,medium,read_heavy,142,36.39830323300584,90.87930002715439,1406.5339957436493,1.6024903862707154,0.0,0.00339445409224729,10.61624649859944,843964,802081,41883,0,600.030999999959
load_based,medium,read_heavy,242,40.55590122316581,98.55049999896437,1267.8135175760917,1.601161003950372,0.0,0.0034014773892789736,10.61624649859944,760787,722498,38289,0,600.0779999999795
load_based,medium,read_heavy,342,40.7465788279845,99.23549997620285,1244.3773738357702,1.5957366849442887,0.0,0.003467427304706234,10.61624649859944,746665,709537,37128,0,600.030999999959
load_based,medium,read_heavy,442,37.8583110908245,94.19279999565333,1353.3189900124028,1.6095308685313514,0.0,0.003358473284642944,10.642857142857142,812055,771617,40438,0,600.0470000000205
load_based,medium,read_heavy,542,47.75794259900646,107.65250003896654,1079.7146370970047,1.6023524220208212,0.0,0.0034774630579643665,10.61484593837535,647913,615627,32286,0,600.0780000000959
load_based,simple,balanced,142,3.4664933868873957,7.715299958363175,1967.6234779770136,1.1073189810878195,0.0,0.0024953041603970696,10.665966386554622,1180944,826550,354394,0,600.1879999999655
load_based,simple,balanced,242,3.389924378622323,7.466700044460595,1880.4815663403458,1.1223026689877578,0.0,0.002473615641013958,10.672222222222222,1128524,789619,338905,0,600.125
load_based,simple,balanced,342,3.329728093433373,7.260000100359321,1774.042723364507,1.1077065797671892,0.0,0.0024983370960877656,10.665277777777778,1064674,745458,319216,0,600.140000000014
load_based,simple,balanced,442,3.378060641337871,7.332500070333481,1698.513680141261,1.1002776567028454,0.0,0.0024750555955577788,10.65344304388422,1019346,713349,305997,0,600.140000000014
load_based,simple,balanced,542,3.37680570195511,7.353799999691546,1454.077321881286,1.105101126128592,0.0,0.0025205849544350776,10.6625,872538,611394,261144,0,600.0629999999655
load_based,simple,read_heavy,142,14.413177708976423,36.30209993571043,3435.8025288017934,1.5777583086620997,0.0,0.002809441375542272,10.644257703081232,2061643,1958588,103055,0,600.0470000000205
load_based,simple,read_heavy,242,13.710320086770118,34.12990004289895,3474.415193713257,1.5794942378024333,0.0,0.0027855863085968625,10.644257703081232,2084597,1980070,104527,0,599.984999999986
load_based,simple,read_heavy,342,13.544538718600911,33.67979999165982,3499.9333333333334,1.5776674148566336,0.0,0.0027645637516216194,10.613888888888889,2099960,1995267,104693,0,600.0
load_based,simple,read_heavy,442,13.2730491313517,33.19790004752576,3521.78,1.577051414996342,0.0,0.0027642880124327004,10.644257703081232,2113068,2008054,105014,0,600.0
load_based,simple,read_heavy,542,13.75520497572125,34.274799982085824,3432.3858326352834,1.5781537868684115,0.0,0.0028181167738880004,10.615277777777777,2060396,1957706,102690,0,600.280999999959
round_robin,complex,balanced,142,17182.55814140737,90400.98579996265,4.003237890623851,0.1336398000518746,0.0,0.003580727955345553,8.700819672131148,2631,1821,810,0,657.2179999999935
round_robin,complex,balanced,242,16944.603049701193,84426.4366000425,4.0407043114633385,0.123265947471979,0.0,0.0023636336967767214,9.141666666666666,2637,1837,800,0,652.609000000055
round_robin,complex,balanced,342,15809.388991063039,77704.30460001808,4.316575283147098,0.10706778217045339,0.0,0.0028344756502201515,9.264017273576096,2831,1992,839,0,655.8439999999246
round_robin,complex,balanced,442,16756.37359054111,87370.17200002447,4.121642649556287,0.1270966185873918,0.0,0.0031781358806000763,8.38888888888889,2662,1850,812,0,645.859000000055
round_robin,complex,balanced,542,16436.780441788196,84380.90569991618,4.107897754954315,0.09548265718134782,0.0,0.003193111225797985,9.170765027322405,2715,1924,791,0,660.9220000000205
round_robin,complex,read_heavy,142,5231.177176153242,27697.841300047003,9.900397665432955,0.4668219262477372,0.0,0.003338696464606552,8.080065359477123,6122,5829,293,0,618.359000000055
round_robin,complex,read_heavy,242,4993.230587460899,26958.085499936715,10.373087932440091,0.4641690707969037,0.0,0.0030885592304473646,8.133986928104575,6407,6093,314,0,617.6560000000754
round_robin,complex,read_heavy,342,5024.195581504727,26538.162100012414,10.30040975256538,0.4693123538247853,0.0,0.0033928263052315504,8.047385620915032,6370,6072,298,0,618.4219999999041
round_robin,complex,read_heavy,442,4861.800394867951,25830.88750008028,10.709755604928297,0.45365724229625387,0.0,0.003276629652771773,7.920711974110032,6628,6273,355,0,618.875
round_robin,complex,read_heavy,542,4926.655803389393,25837.7592000179,10.540576369061851,0.46223441797083537,0.0,0.003128389483660551,8.269607843137255,6520,6195,325,0,618.5620000000345
round_robin,medium,balanced,142,502.4993235943823,2546.4974000351503,139.21970365421754,0.11459902026083232,0.0,0.0024085342496892666,10.084045584045583,83782,58679,25103,0,601.7970000000205
round_robin,medium,balanced,242,502.72038176552326,2560.5426999973133,138.999650808956,0.11179846338859213,0.0,0.0024540835525846093,10.240112994350282,83593,58648,24945,0,601.390000000014
round_robin,medium,balanced,342,502.0885481103389,2577.0976999774575,138.86856803504185,0.11154721309049608,0.0,0.0021918364819314127,9.723646723646723,83714,58742,24972,1,602.829000000027
round_robin,medium,balanced,442,508.3583600198692,2625.7748000789434,137.86283084998615,0.11230725590178176,0.0,0.0023130193538120967,9.387464387464387,82875,58126,24749,0,601.1410000000615
round_robin,medium,balanced,542,511.5868377804479,2615.3570000315085,136.44195223260644,0.11293064524012646,0.0,0.0023032293448835505,9.958689458689458,82121,57575,24546,0,601.875
round_robin,medium,read_heavy,142,56.538451702151335,208.0514000263065,918.0126003721518,0.46313711753487496,0.0,0.0021200486595741156,9.613960113960113,550937,523690,27247,0,600.1410000000615
round_robin,medium,read_heavy,242,56.557273223306865,208.06069998070598,914.5988940408807,0.4609010405698636,0.0,0.0020808676669622334,9.547008547008547,548945,521265,27680,0,600.2029999999795
round_robin,medium,read_heavy,342,56.911528597620006,208.72700004838407,911.9967475936435,0.4627270106640027,0.0,0.0021026598986624836,9.452991452991453,547354,520187,27167,0,600.170999999973
round_robin,medium,read_heavy,442,57.124982433705235,208.9896999532357,908.4266666666666,0.4627225305254556,0.0,0.0020537728927795245,9.535612535612536,545056,518002,27054,0,600.0
round_robin,medium,read_heavy,542,61.90848795060558,276.6886999597773,836.7496876301541,0.4617880248850509,0.0,0.00205997903519165,9.055555555555555,502259,477126,25133,0,600.25
round_robin,simple,balanced,142,4.107330683231403,11.722400086000562,2239.8150910129157,0.11521094626897782,0.0,0.001070822217044608,8.491666666666667,1344066,940997,403069,0,600.079000000027
round_robin,simple,balanced,242,2.5564616433347163,5.042999982833862,2046.8363311539897,0.11565921368700642,0.0,0.0010281112082220737,6.973611111111111,1228198,859638,368560,0,600.0470000000205
round_robin,simple,balanced,342,3.329991969589497,7.692200015299022,1928.9030344437301,0.11563524562951044,0.0,0.001280411909406188,7.502777777777777,1157554,810205,347349,0,600.109999999986
round_robin,simple,balanced,442,3.626127676156532,8.226100006140769,1825.7080101725317,0.11625338901259959,0.0,0.0014090735876436452,7.7375,1095538,766505,329033,0,600.061999999918
round_robin,simple,balanced,542,3.4468151634381723,7.386899902485311,1736.3578949822524,0.11453432889386789,0.0,0.0013973143182820942,7.3680555555555545,1042004,729825,312179,0,600.109000000055
round_robin,simple,read_heavy,142,14.047213612156867,18.893999978899956,3449.485109936222,0.46194035490060215,0.0,0.001692047450724053,10.008403361344536,2069798,1966362,103436,0,600.030999999959
round_robin,simple,read_heavy,242,14.878309664836802,18.544799997471273,3284.9152793768194,0.4613805610610792,0.0,0.0017390853242413506,10.117647058823529,1971051,1872072,98979,0,600.0310000000754
round_robin,simple,read_heavy,342,14.64161219326711,18.77190009690821,3206.637146756728,0.4620454269351595,0.0,0.0017747398201841719,9.826330532212884,1924133,1828064,96069,0,600.0470000000205
round_robin,simple,read_heavy,442,12.703574937962477,15.648500062525272,3647.524254294088,0.4625234283661143,0.0,0.0016036979748976278,9.936974789915967,2189255,2080402,108853,0,600.2029999999795
round_robin,simple,read_heavy,542,12.254285236227876,15.499599976465106,3686.435,0.46225614307002966,0.0,0.001588142818062667,9.983193277310924,2211861,2101628,110233,0,600.0
weighted_rr,complex,balanced,142,9798.80758973572,43181.68319994584,6.978789047435403,0.447053006077906,0.0,0.01667258963746428,10.121848739495798,4524,3156,1368,0,648.25
weighted_rr,complex,balanced,242,8714.771927129937,41299.83110004105,7.968315634709728,0.44733379578417953,0.0,0.012058434906371117,10.283475783475783,5062,3509,1553,0,635.2660000000615
weighted_rr,complex,balanced,342,8643.784286116079,42556.712400051765,7.9984335226160175,0.4496839473784459,0.0,0.01216423709169497,10.421013852048334,5106,3565,1541,0,638.375
weighted_rr,complex,balanced,442,9160.310353166993,43999.98850002885,7.779044233655183,0.4482999974373118,0.0,0.011925434218395797,9.805797101449274,4832,3331,1501,0,621.155999999959
weighted_rr,complex,balanced,542,8943.389560333957,44519.466100027785,7.7961675275480475,0.44762570113039174,0.0,0.014668626367097579,10.222222222222221,4848,3406,1442,0,621.8439999999246
weighted_rr,complex,read_heavy,142,3025.8433462361054,16317.497899988666,17.266546559185763,0.7460921028282433,0.0,0.01304529717061541,10.491909385113269,10504,9977,527,0,608.3439999999246
weighted_rr,complex,read_heavy,242,2916.66299294551,14948.742300039157,17.8239869013508,0.7500368568934662,0.0,0.012812814743285607,10.466346153846153,10886,10363,523,0,610.75
weighted_rr,complex,read_heavy,342,2942.6716744286264,14855.000900104642,17.567650966162393,0.752711201733506,0.0,0.013212822186544067,10.521035598705502,10817,10312,505,0,615.734000000055
weighted_rr,complex,read_heavy,442,3009.310952289357,15484.95339998044,17.258729753586845,0.7471487576089034,0.0,0.012696128373754372,10.441747572815535,10616,10090,526,0,615.109000000055
weighted_rr,complex,read_heavy,542,2958.335825843056,15508.853900013492,17.656398441371714,0.7415577775482264,0.0,0.013300204146905262,9.957928802588997,10798,10231,567,0,611.5629999999655
weighted_rr,medium,balanced,142,268.87008630646534,1017.4925000173971,254.8456640206709,0.44723673308646256,0.0,0.010584872914529855,10.670903954802261,153202,107036,46166,1,601.155999999959
weighted_rr,medium,balanced,242,269.6750517604833,1017.0375999296084,253.4790574304566,0.44722685489193736,0.0,0.00997300851458898,10.687853107344631,152329,106894,45435,0,600.9529999999795
weighted_rr,medium,balanced,342,260.55023308669524,1036.2926999805495,261.3936666050724,0.447251307918179,0.0,0.00903163515660229,10.713276836158192,156975,110122,46853,3,600.530999999959
weighted_rr,medium,balanced,442,266.53373394274473,1033.2317999564111,256.30492771768974,0.44722015794466796,0.0,0.009227202461220144,10.733618233618232,153927,107696,46231,0,600.5620000000345
weighted_rr,medium,balanced,542,273.25018171814315,1037.8388999961317,249.82856534155675,0.4472197230556558,0.0,0.00919783944425376,10.720338983050846,150100,105217,44883,0,600.8120000000345
weighted_rr,medium,read_heavy,142,34.46661454543378,171.06339999008924,1472.5781761426545,0.7470874651384125,0.0,0.009440281090390738,10.747863247863245,884052,840158,43894,0,600.3429999999935
weighted_rr,medium,read_heavy,242,39.75543978501676,193.85729997884482,1280.5476001258667,0.7457853816948197,0.0,0.009633714496849247,10.74928774928775,768609,729924,38685,0,600.219000000041
weighted_rr,medium,read_heavy,342,40.80355787650315,197.2600999288261,1254.111085939729,0.7469537225794368,0.0,0.009231278514284508,10.75071225071225,752878,715444,37434,0,600.3279999999795
weighted_rr,medium,read_heavy,442,38.45533343350333,190.1140999980271,1325.5000233268581,0.7468444815381653,0.0,0.009615806149866055,10.74717514124294,795528,755928,39600,0,600.1719999999041
weighted_rr,medium,read_heavy,542,41.792344632388804,194.7500000242144,1219.4003574338506,0.7469425767302357,0.0,0.009603434257410455,10.74928774928775,732117,695711,36406,0,600.390999999945
weighted_rr,simple,balanced,142,3.4458746927116923,7.392900064587593,1609.6561538691171,0.447211743581742,0.0,0.006307070590600405,7.1375,965945,676161,289784,0,600.094000000041
weighted_rr,simple,balanced,242,3.5004526252627195,7.483899942599237,1232.7595830077912,0.4472111796747704,0.0,0.006590825232957171,7.552777777777778,739906,517947,221959,0,600.2029999999795
weighted_rr,simple,balanced,342,3.867811710830298,8.346199989318848,1596.8848328088995,0.44721368849141746,0.0,0.006739922844212002,7.138888888888889,958182,670843,287339,0,600.0320000000065
weighted_rr,simple,balanced,442,3.956788226112674,8.598300046287477,1592.4199125182254,0.4472155051611418,0.0,0.006826179018224257,7.404166666666666,955651,668882,286769,0,600.125
weighted_rr,simple,balanced,542,3.2555804474684447,7.091999985277653,1606.7903158337917,0.44721654450214593,0.0,0.005826389562347918,6.866666666666667,964124,675429,288695,0,600.030999999959
weighted_rr,simple,read_heavy,142,13.878142192736854,21.681899903342128,3313.80682764363,0.7465047152443327,0.0,0.0076004726830512905,8.471988795518207,1989941,1890532,99409,0,600.5
weighted_rr,simple,read_heavy,242,13.741227404260636,21.166800055652857,3336.3599243351473,0.7460480964556931,0.0,0.00764366136517587,8.669467787114845,2001866,1901384,100482,0,600.015000000014
weighted_rr,simple,read_heavy,342,13.606623839323543,21.40800002962351,3445.289792271853,0.7466145301713252,0.0,0.007385019801588723,8.183473389355742,2067229,1964078,103151,0,600.0160000000615
weighted_rr,simple,read_heavy,442,13.501790567880201,21.038000006228685,3510.2827570690083,0.7469739879218016,0.0,0.007344338032208699,8.942577030812325,2106117,2001421,104696,0,599.984999999986
weighted_rr,simple,read_heavy,542,13.113625200184584,19.83760006260127,3517.425,0.7467539130706664,0.0,0.007360410339641415,9.15126050420168,2110455,2005300,105155,0,600.0
